[{"col":1,"row":1,"width":9,"height":27,"children":[{"id":"laboratory_report","rows":[{"cols":[{"width":"100%","children":[{"id":"laboratory_report/fbc_report","rows":[{"cols":[{"width":"100%","children":[{"id":"laboratory_report/fbc_report/test_name"},{"id":"laboratory_report/fbc_report/fbc_panel","rows":[{"cols":[{"width":"100%","children":[{"id":"laboratory_report/fbc_report/fbc_panel/hb","rows":[{"cols":[{"width":"100%","children":[{"id":"laboratory_report/fbc_report/fbc_panel/hb/snomed-ct_271026005_hemoglobin_level_estimation"}]}]}]},{"id":"laboratory_report/fbc_report/fbc_panel/wcc","rows":[{"cols":[{"width":"100%","children":[{"id":"laboratory_report/fbc_report/fbc_panel/wcc/snomed-ct_767002_white_blood_cell_count"}]}]}]},{"id":"laboratory_report/fbc_report/fbc_panel/neutrophil_count","rows":[{"cols":[{"width":"100%","children":[{"id":"laboratory_report/fbc_report/fbc_panel/neutrophil_count/snomed-ct_30630007_neutrophil_count"}]}]}]}]}]}]},{"id":"laboratory_report/fbc_report/conclusion"}]}]}]}]}]}]}]}]