{"formId":"form_root","name":"Form root","rmType":"FORM_DEFINITION","viewConfig":{"label":{"custom":false,"value":"","useLocalizations":false,"localizationsList":{}},"size":{"field":"inherit","label":"inherit","fill":"inherit"},"layout":{"valign":"inherit","align":"inherit"},"tags":[]},"templateLanguages":["en"],"children":[{"name":"Laboratory report","localizedName":"Laboratory report","rmType":"COMPOSITION","nodeId":"openEHR-EHR-COMPOSITION.report.v1","min":1,"max":1,"localizedNames":{"en":"Laboratory report"},"localizedDescriptions":{"en":"Document to communicate information to others, commonly in response to a request from another party."},"aqlPath":"","children":[{"name":"FBC report","localizedName":"FBC report","rmType":"OBSERVATION","nodeId":"openEHR-EHR-OBSERVATION.laboratory_test.v0","min":0,"max":1,"localizedNames":{"en":"FBC report"},"localizedDescriptions":{"en":"The findings and interpretation of a pathology laboratory test performed on patient-related specimens."},"annotations":{"comment":"This archetype may be used to record a single valued test, but will often be specialised or templated to represent multiple value or 'panel' tests. This archetype also acts as the parent for specialisations appropriate for more specific laboratory tests, e.g. microbiology, histopathology."},"aqlPath":"/content[openEHR-EHR-OBSERVATION.laboratory_test.v0,'FBC report']","children":[{"name":"Test name","localizedName":"Test name","rmType":"DV_TEXT","nodeId":"at0005","min":1,"max":1,"localizedNames":{"en":"Test name"},"localizedDescriptions":{"en":"Identification of the pathology test performed, sometimes including specimen type and patient state."},"annotations":{"fhirvalueset":"reportnames","comment":"A test result may be for a single analyte, or a group of items, including panel tests. Coding with a terminology, potientially a pre-coordinated term including specimen type, is preferred, where possible. May be coded with LOINC or Snomed-CT. Examples include \"Glucose\", \"Urea and Electrolytes\", \"Swab\",  “Cortisol (am)” or \"Liver Biopsy\".","fhirmapping":"Diagnostic.Reportname"},"aqlPath":"/content[openEHR-EHR-OBSERVATION.laboratory_test.v0,'FBC report']/data[at0001]/events[at0002]/data[at0003]/items[at0005]/value","inputs":[{"type":"TEXT","defaultValue":"SNOMED-CT::26604007:: Complete blood count"}],"formId":"laboratory_report/fbc_report/test_name","viewConfig":{"size":{"field":"inherit","label":"inherit","fill":"inherit"},"layout":{"field":{"valign":"inherit","align":"inherit"}},"datasource":{"loadRemote":false,"loadRemoteUrl":"","terminology":""},"field":{"input":{"presentation":"textfield"}}}},{"name":"FBC panel","localizedName":"FBC panel","rmType":"CLUSTER","nodeId":"openEHR-EHR-CLUSTER.laboratory_test_panel.v0","min":0,"max":1,"localizedNames":{"en":"FBC panel"},"localizedDescriptions":{"en":"Laboratory test result as a single value or in a panel/battery format common to clinical pathology testing."},"aqlPath":"/content[openEHR-EHR-OBSERVATION.laboratory_test.v0,'FBC report']/data[at0001]/events[at0002]/data[at0003]/items[openEHR-EHR-CLUSTER.laboratory_test_panel.v0,'FBC panel']","children":[{"name":"Hb","localizedName":"Hb","rmType":"CLUSTER","nodeId":"at0002","min":0,"max":1,"localizedNames":{"en":"Hb"},"localizedDescriptions":{"en":"Specific detailed result, including both the value of the result item, and additional information that may be useful for clinical interpretation."},"aqlPath":"/content[openEHR-EHR-OBSERVATION.laboratory_test.v0,'FBC report']/data[at0001]/events[at0002]/data[at0003]/items[openEHR-EHR-CLUSTER.laboratory_test_panel.v0,'FBC panel']/items[at0002,'Hb']","children":[{"name":"SNOMED-CT::271026005::Hemoglobin level estimation","localizedName":"SNOMED-CT::271026005::Hemoglobin level estimation","rmType":"DV_QUANTITY","nodeId":"at0001","min":0,"max":1,"localizedNames":{"en":"SNOMED-CT::271026005::Hemoglobin level estimation"},"localizedDescriptions":{"en":"Actual value of the result. The name of this element is normally replaced in a template or at run-time to relfect the actual analyte e.g. Serum sodium and will often be coded."},"annotations":{"hl7v2_mapping":"OBX.2,OBX.5,OBX.6; OBX-3-observation identifier","fhir_mapping":"Observation.result; Observation.name"},"aqlPath":"/content[openEHR-EHR-OBSERVATION.laboratory_test.v0,'FBC report']/data[at0001]/events[at0002]/data[at0003]/items[openEHR-EHR-CLUSTER.laboratory_test_panel.v0,'FBC panel']/items[at0002,'Hb']/items[at0001,'SNOMED-CT::271026005::Hemoglobin level estimation']/value","inputs":[{"suffix":"magnitude","type":"DECIMAL"},{"suffix":"unit","type":"CODED_TEXT"}],"formId":"laboratory_report/fbc_report/fbc_panel/hb/snomed-ct_271026005_hemoglobin_level_estimation","viewConfig":{"field":{"unit":{"presentation":"combobox"}},"size":{"field":"inherit","label":"inherit","fill":"inherit"},"layout":{"field":{"valign":"inherit","align":"inherit"}},"datasource":{"loadRemote":false,"loadRemoteUrl":"","terminology":""}}}],"formId":"laboratory_report/fbc_report/fbc_panel/hb","viewConfig":{"size":{"field":"inherit","label":"inherit","fill":"inherit"},"layout":{"field":{"valign":"inherit","align":"inherit"}}}},{"name":"WCC","localizedName":"WCC","rmType":"CLUSTER","nodeId":"at0002","min":0,"max":1,"localizedNames":{"en":"WCC"},"localizedDescriptions":{"en":"Specific detailed result, including both the value of the result item, and additional information that may be useful for clinical interpretation."},"aqlPath":"/content[openEHR-EHR-OBSERVATION.laboratory_test.v0,'FBC report']/data[at0001]/events[at0002]/data[at0003]/items[openEHR-EHR-CLUSTER.laboratory_test_panel.v0,'FBC panel']/items[at0002,'WCC']","children":[{"name":"SNOMED-CT::767002::White blood cell count","localizedName":"SNOMED-CT::767002::White blood cell count","rmType":"DV_QUANTITY","nodeId":"at0001","min":0,"max":1,"localizedNames":{"en":"SNOMED-CT::767002::White blood cell count"},"localizedDescriptions":{"en":"Actual value of the result. The name of this element is normally replaced in a template or at run-time to relfect the actual analyte e.g. Serum sodium and will often be coded."},"annotations":{"hl7v2_mapping":"OBX.2,OBX.5,OBX.6; OBX-3-observation identifier","fhir_mapping":"Observation.result; Observation.name"},"aqlPath":"/content[openEHR-EHR-OBSERVATION.laboratory_test.v0,'FBC report']/data[at0001]/events[at0002]/data[at0003]/items[openEHR-EHR-CLUSTER.laboratory_test_panel.v0,'FBC panel']/items[at0002,'WCC']/items[at0001,'SNOMED-CT::767002::White blood cell count']/value","inputs":[{"suffix":"magnitude","type":"DECIMAL"},{"suffix":"unit","type":"CODED_TEXT"}],"formId":"laboratory_report/fbc_report/fbc_panel/wcc/snomed-ct_767002_white_blood_cell_count","viewConfig":{"field":{"unit":{"presentation":"combobox"}},"size":{"field":"inherit","label":"inherit","fill":"inherit"},"layout":{"field":{"valign":"inherit","align":"inherit"}},"datasource":{"loadRemote":false,"loadRemoteUrl":"","terminology":""}}}],"formId":"laboratory_report/fbc_report/fbc_panel/wcc","viewConfig":{"size":{"field":"inherit","label":"inherit","fill":"inherit"},"layout":{"field":{"valign":"inherit","align":"inherit"}}}},{"name":"Neutrophil count","localizedName":"Neutrophil count","rmType":"CLUSTER","nodeId":"at0002","min":0,"max":1,"localizedNames":{"en":"Neutrophil count"},"localizedDescriptions":{"en":"Specific detailed result, including both the value of the result item, and additional information that may be useful for clinical interpretation."},"aqlPath":"/content[openEHR-EHR-OBSERVATION.laboratory_test.v0,'FBC report']/data[at0001]/events[at0002]/data[at0003]/items[openEHR-EHR-CLUSTER.laboratory_test_panel.v0,'FBC panel']/items[at0002,'Neutrophil count']","children":[{"name":"SNOMED-CT::30630007::Neutrophil count","localizedName":"SNOMED-CT::30630007::Neutrophil count","rmType":"DV_QUANTITY","nodeId":"at0001","min":0,"max":1,"localizedNames":{"en":"SNOMED-CT::30630007::Neutrophil count"},"localizedDescriptions":{"en":"Actual value of the result. The name of this element is normally replaced in a template or at run-time to relfect the actual analyte e.g. Serum sodium and will often be coded."},"annotations":{"hl7v2_mapping":"OBX.2,OBX.5,OBX.6; OBX-3-observation identifier","fhir_mapping":"Observation.result; Observation.name"},"aqlPath":"/content[openEHR-EHR-OBSERVATION.laboratory_test.v0,'FBC report']/data[at0001]/events[at0002]/data[at0003]/items[openEHR-EHR-CLUSTER.laboratory_test_panel.v0,'FBC panel']/items[at0002,'Neutrophil count']/items[at0001,'SNOMED-CT::30630007::Neutrophil count']/value","inputs":[{"suffix":"magnitude","type":"DECIMAL"},{"suffix":"unit","type":"CODED_TEXT"}],"formId":"laboratory_report/fbc_report/fbc_panel/neutrophil_count/snomed-ct_30630007_neutrophil_count","viewConfig":{"field":{"unit":{"presentation":"combobox"}},"size":{"field":"inherit","label":"inherit","fill":"inherit"},"layout":{"field":{"valign":"inherit","align":"inherit"}},"datasource":{"loadRemote":false,"loadRemoteUrl":"","terminology":""}}}],"formId":"laboratory_report/fbc_report/fbc_panel/neutrophil_count","viewConfig":{"size":{"field":"inherit","label":"inherit","fill":"inherit"},"layout":{"field":{"valign":"inherit","align":"inherit"}}}}],"formId":"laboratory_report/fbc_report/fbc_panel","viewConfig":{"size":{"field":"inherit","label":"inherit","fill":"inherit"},"layout":{"field":{"valign":"inherit","align":"inherit"}}}},{"name":"Conclusion","localizedName":"Conclusion","rmType":"DV_TEXT","nodeId":"at0057","min":0,"max":1,"localizedNames":{"en":"Conclusion"},"localizedDescriptions":{"en":"Concise and clinically contextualised narrative interpretation of the laboratory test results."},"annotations":{"fhir_mapping":"DiagnosticReport.conclusion"},"aqlPath":"/content[openEHR-EHR-OBSERVATION.laboratory_test.v0,'FBC report']/data[at0001]/events[at0002]/data[at0003]/items[at0057]/value","inputs":[{"type":"TEXT"}],"formId":"laboratory_report/fbc_report/conclusion","viewConfig":{"size":{"field":"inherit","label":"inherit","fill":"inherit"},"layout":{"field":{"valign":"inherit","align":"inherit"}},"datasource":{"loadRemote":false,"loadRemoteUrl":"","terminology":""},"field":{"input":{"presentation":"textfield"}}}}],"formId":"laboratory_report/fbc_report","viewConfig":{"size":{"field":"inherit","label":"inherit","fill":"inherit"},"layout":{"field":{"valign":"inherit","align":"inherit"}}}}],"formId":"laboratory_report","viewConfig":{"size":{"field":"inherit","label":"inherit","fill":"inherit"},"layout":{"field":{"valign":"inherit","align":"inherit"}}}}]}