{
    "formId": "form_root",
    "name": "Form root",
    "rmType": "FORM_DEFINITION",
    "viewConfig": {
        "label": {
            "custom": false,
            "value": "",
            "useLocalizations": false,
            "localizationsList": {}
        },
        "size": {
            "field": "inherit",
            "label": "inherit",
            "fill": "inherit"
        },
        "layout": {
            "valign": "inherit",
            "align": "inherit"
        },
        "tags": []
    },
    "language": "",
    "templateLanguages": [
        "en"
    ],
    "children": [
        {
            "name": "Patient Remote Chemo monitoring",
            "localizedName": "Patient Remote Chemo monitoring",
            "rmType": "COMPOSITION",
            "nodeId": "openEHR-EHR-COMPOSITION.report.v1",
            "min": 1,
            "max": 1,
            "localizedNames": {
                "": "Patient Remote Chemo monitoring"
            },
            "localizedDescriptions": {
                "en": "Document to communicate information to others, commonly in response to a request from another party."
            },
            "aqlPath": "",
            "children": [
                {
                    "name": "spO2",
                    "localizedName": "spO2",
                    "rmType": "DV_PROPORTION",
                    "nodeId": "at0006",
                    "min": "0",
                    "max": "1",
                    "localizedNames": {
                        "en": "spO2"
                    },
                    "localizedDescriptions": {
                        "en": "Measured via pulse oximetry, the saturation of oxygen in the peripheral blood."
                    },
                    "annotations": {
                        "comment": "spO2 is defined as the ratio of oxyhaemoglobin (HbO2) to the total concentration of haemoglobin (HbO2 + deoxyhaemoglobin)."
                    },
                    "aqlPath": "/content[openEHR-EHR-OBSERVATION.indirect_oximetry.v1]/data[at0001]/events[at0002]/data[at0003]/items[at0006]/value",
                    "inputs": [
                        {
                            "suffix": "numerator",
                            "type": "DECIMAL",
                            "validation": {
                                "range": {
                                    "minOp": ">=",
                                    "min": 0,
                                    "maxOp": "<=",
                                    "max": 100
                                }
                            }
                        },
                        {
                            "suffix": "denominator",
                            "type": "DECIMAL",
                            "validation": {
                                "range": {
                                    "minOp": ">=",
                                    "min": 100,
                                    "maxOp": "<=",
                                    "max": 100
                                }
                            }
                        }
                    ],
                    "formId": "patient_remote_chemo_monitoring/indirect_oximetry/any_event/spo2",
                    "viewConfig": {
                        "size": {
                            "field": "inherit",
                            "label": "inherit",
                            "fill": "inherit"
                        },
                        "layout": {
                            "label": {
                                "valign": "inherit",
                                "align": "inherit"
                            },
                            "field": {
                                "valign": "inherit",
                                "align": "inherit"
                            }
                        },
                        "datasource": {
                            "loadRemote": false,
                            "loadRemoteUrl": "",
                            "terminology": ""
                        },
                        "advanced": {
                            "hidden": false,
                            "readonly": false
                        },
                        "tags": []
                    }
                },
                {
                    "name": "Heart Rate",
                    "localizedName": "Heart Rate",
                    "rmType": "DV_QUANTITY",
                    "nodeId": "at0004",
                    "min": 0,
                    "max": 1,
                    "localizedNames": {
                        "en": "Heart Rate"
                    },
                    "localizedDescriptions": {
                        "en": "The rate, measured in beats per minute."
                    },
                    "annotations": {
                        "comment": "Run-time name constraints have been specified, in order to simplify the renaming of this data element to Pulse Rate or Heart Rate, as required."
                    },
                    "aqlPath": "/content[openEHR-EHR-OBSERVATION.pulse.v0]/data[at0002]/events[at0003]/data[at0001]/items[at0004,'Heart Rate']/value",
                    "inputs": [
                        {
                            "suffix": "magnitude",
                            "type": "DECIMAL",
                            "validation": {
                                "range": {
                                    "minOp": ">=",
                                    "min": 0
                                },
                                "precision": {
                                    "minOp": ">=",
                                    "min": 0,
                                    "maxOp": "<=",
                                    "max": 0
                                }
                            }
                        },
                        {
                            "suffix": "unit",
                            "type": "CODED_TEXT",
                            "list": [
                                {
                                    "value": "/min",
                                    "label": "/min",
                                    "validation": {
                                        "range": {
                                            "minOp": ">=",
                                            "min": 0
                                        },
                                        "precision": {
                                            "minOp": ">=",
                                            "min": 0,
                                            "maxOp": "<=",
                                            "max": 0
                                        }
                                    }
                                }
                            ],
                            "defaultValue": "/min"
                        }
                    ],
                    "formId": "patient_remote_chemo_monitoring/pulse_heart_beat/any_event/heart_rate",
                    "viewConfig": {
                        "field": {
                            "unit": {
                                "presentation": "combobox"
                            }
                        },
                        "size": {
                            "field": "inherit",
                            "label": "inherit",
                            "fill": "inherit"
                        },
                        "layout": {
                            "field": {
                                "valign": "inherit",
                                "align": "inherit"
                            }
                        },
                        "datasource": {
                            "loadRemote": false,
                            "loadRemoteUrl": "",
                            "terminology": ""
                        }
                    }
                },
                {
                    "name": "Respiratory rate",
                    "localizedName": "Respiratory rate",
                    "rmType": "DV_QUANTITY",
                    "nodeId": "at0004",
                    "min": 0,
                    "max": 1,
                    "localizedNames": {
                        "en": "Rate"
                    },
                    "localizedDescriptions": {
                        "en": "Rate of respiration."
                    },
                    "aqlPath": "/content[openEHR-EHR-OBSERVATION.respiration.v1]/data[at0001]/events[at0002]/data[at0003]/items[at0004]/value",
                    "inputs": [
                        {
                            "suffix": "magnitude",
                            "type": "DECIMAL",
                            "validation": {
                                "range": {
                                    "minOp": ">=",
                                    "min": 0,
                                    "maxOp": "<=",
                                    "max": 200
                                },
                                "precision": {
                                    "minOp": ">=",
                                    "min": 0,
                                    "maxOp": "<=",
                                    "max": 0
                                }
                            }
                        },
                        {
                            "suffix": "unit",
                            "type": "CODED_TEXT",
                            "list": [
                                {
                                    "value": "/min",
                                    "label": "/min",
                                    "validation": {
                                        "range": {
                                            "minOp": ">=",
                                            "min": 0,
                                            "maxOp": "<=",
                                            "max": 200
                                        },
                                        "precision": {
                                            "minOp": ">=",
                                            "min": 0,
                                            "maxOp": "<=",
                                            "max": 0
                                        }
                                    }
                                }
                            ],
                            "defaultValue": "/min"
                        }
                    ],
                    "formId": "patient_remote_chemo_monitoring/respirations/any_event/rate",
                    "viewConfig": {
                        "field": {
                            "unit": {
                                "presentation": "combobox"
                            }
                        },
                        "size": {
                            "field": "inherit",
                            "label": "inherit",
                            "fill": "inherit"
                        },
                        "layout": {
                            "field": {
                                "valign": "inherit",
                                "align": "inherit"
                            }
                        },
                        "datasource": {
                            "loadRemote": false,
                            "loadRemoteUrl": "",
                            "terminology": ""
                        },
                        "label": {
                            "custom": true
                        }
                    }
                },
                {
                    "name": "Temperature",
                    "localizedName": "Temperature",
                    "rmType": "DV_QUANTITY",
                    "nodeId": "at0004",
                    "min": 1,
                    "max": 1,
                    "localizedNames": {
                        "en": "Temperature"
                    },
                    "localizedDescriptions": {
                        "en": "The measured body temperature (as a surrogate for the whole body)."
                    },
                    "aqlPath": "/content[openEHR-EHR-OBSERVATION.body_temperature.v1]/data[at0002]/events[at0003]/data[at0001]/items[at0004]/value",
                    "inputs": [
                        {
                            "suffix": "magnitude",
                            "type": "DECIMAL"
                        },
                        {
                            "suffix": "unit",
                            "type": "CODED_TEXT",
                            "list": [
                                {
                                    "value": "Â°C",
                                    "label": "Â°C",
                                    "validation": {
                                        "precision": {
                                            "minOp": ">=",
                                            "min": 1,
                                            "maxOp": "<=",
                                            "max": 1
                                        }
                                    }
                                },
                                {
                                    "value": "Â°F",
                                    "label": "Â°F",
                                    "validation": {
                                        "precision": {
                                            "minOp": ">=",
                                            "min": 1,
                                            "maxOp": "<=",
                                            "max": 1
                                        }
                                    }
                                }
                            ]
                        }
                    ],
                    "formId": "patient_remote_chemo_monitoring/body_temperature/any_event/temperature",
                    "viewConfig": {
                        "field": {
                            "unit": {
                                "presentation": "combobox"
                            }
                        },
                        "size": {
                            "field": "inherit",
                            "label": "inherit",
                            "fill": "inherit"
                        },
                        "layout": {
                            "field": {
                                "valign": "inherit",
                                "align": "inherit"
                            }
                        },
                        "datasource": {
                            "loadRemote": false,
                            "loadRemoteUrl": "",
                            "terminology": ""
                        }
                    }
                },
                {
                    "name": "Systolic BP",
                    "localizedName": "Systolic BP",
                    "rmType": "DV_QUANTITY",
                    "nodeId": "at0004",
                    "min": 0,
                    "max": 1,
                    "localizedNames": {
                        "en": "Systolic"
                    },
                    "localizedDescriptions": {
                        "en": "Peak systemic arterial blood pressure  - measured in systolic or contraction phase of the heart cycle."
                    },
                    "aqlPath": "/content[openEHR-EHR-OBSERVATION.blood_pressure.v1]/data[at0001]/events[at0006]/data[at0003]/items[at0004]/value",
                    "inputs": [
                        {
                            "suffix": "magnitude",
                            "type": "DECIMAL",
                            "validation": {
                                "range": {
                                    "minOp": ">=",
                                    "min": 0,
                                    "maxOp": "<",
                                    "max": 1000
                                },
                                "precision": {
                                    "minOp": ">=",
                                    "min": 0,
                                    "maxOp": "<=",
                                    "max": 0
                                }
                            }
                        },
                        {
                            "suffix": "unit",
                            "type": "CODED_TEXT",
                            "list": [
                                {
                                    "value": "mm[Hg]",
                                    "label": "mm[Hg]",
                                    "validation": {
                                        "range": {
                                            "minOp": ">=",
                                            "min": 0,
                                            "maxOp": "<",
                                            "max": 1000
                                        },
                                        "precision": {
                                            "minOp": ">=",
                                            "min": 0,
                                            "maxOp": "<=",
                                            "max": 0
                                        }
                                    }
                                }
                            ],
                            "defaultValue": "mm[Hg]"
                        }
                    ],
                    "formId": "patient_remote_chemo_monitoring/blood_pressure/any_event/systolic",
                    "viewConfig": {
                        "field": {
                            "unit": {
                                "presentation": "combobox"
                            }
                        },
                        "size": {
                            "field": "inherit",
                            "label": "inherit",
                            "fill": "inherit"
                        },
                        "layout": {
                            "field": {
                                "valign": "inherit",
                                "align": "inherit"
                            }
                        },
                        "datasource": {
                            "loadRemote": false,
                            "loadRemoteUrl": "",
                            "terminology": ""
                        },
                        "label": {
                            "custom": true
                        }
                    }
                },
                {
                    "name": "Diastolic BP",
                    "localizedName": "Diastolic BP",
                    "rmType": "DV_QUANTITY",
                    "nodeId": "at0005",
                    "min": 0,
                    "max": 1,
                    "localizedNames": {
                        "en": "Diastolic"
                    },
                    "localizedDescriptions": {
                        "en": "Minimum systemic arterial blood pressure - measured in the diastolic or relaxation phase of the heart cycle."
                    },
                    "aqlPath": "/content[openEHR-EHR-OBSERVATION.blood_pressure.v1]/data[at0001]/events[at0006]/data[at0003]/items[at0005]/value",
                    "inputs": [
                        {
                            "suffix": "magnitude",
                            "type": "DECIMAL",
                            "validation": {
                                "range": {
                                    "minOp": ">=",
                                    "min": 0,
                                    "maxOp": "<",
                                    "max": 1000
                                },
                                "precision": {
                                    "minOp": ">=",
                                    "min": 0,
                                    "maxOp": "<=",
                                    "max": 0
                                }
                            }
                        },
                        {
                            "suffix": "unit",
                            "type": "CODED_TEXT",
                            "list": [
                                {
                                    "value": "mm[Hg]",
                                    "label": "mm[Hg]",
                                    "validation": {
                                        "range": {
                                            "minOp": ">=",
                                            "min": 0,
                                            "maxOp": "<",
                                            "max": 1000
                                        },
                                        "precision": {
                                            "minOp": ">=",
                                            "min": 0,
                                            "maxOp": "<=",
                                            "max": 0
                                        }
                                    }
                                }
                            ],
                            "defaultValue": "mm[Hg]"
                        }
                    ],
                    "formId": "patient_remote_chemo_monitoring/blood_pressure/any_event/diastolic",
                    "viewConfig": {
                        "field": {
                            "unit": {
                                "presentation": "combobox"
                            }
                        },
                        "size": {
                            "field": "inherit",
                            "label": "inherit",
                            "fill": "inherit"
                        },
                        "layout": {
                            "field": {
                                "valign": "inherit",
                                "align": "inherit"
                            }
                        },
                        "datasource": {
                            "loadRemote": false,
                            "loadRemoteUrl": "",
                            "terminology": ""
                        },
                        "label": {
                            "custom": true
                        }
                    }
                },
                {
                    "name": "MASCC risk score",
                    "localizedName": "MASCC risk score",
                    "rmType": "DV_COUNT",
                    "nodeId": "at0023",
                    "min": 0,
                    "max": 1,
                    "localizedNames": {
                        "en": "MASCC risk score"
                    },
                    "localizedDescriptions": {
                        "en": "The MASCC Risk score. The higher the score, the lower the risk."
                    },
                    "aqlPath": "/content[openEHR-EHR-OBSERVATION.mascc_risk_score.v0]/data[at0001]/events[at0002]/data[at0003]/items[at0023]/value",
                    "inputs": [
                        {
                            "type": "INTEGER",
                            "validation": {
                                "range": {
                                    "minOp": ">=",
                                    "min": 0,
                                    "maxOp": "<=",
                                    "max": 26
                                }
                            },
                            "defaultValue": 2
                        }
                    ],
                    "formId": "patient_remote_chemo_monitoring/mascc_risk_score/mascc_risk_score",
                    "viewConfig": {
                        "size": {
                            "field": "inherit",
                            "label": "inherit",
                            "fill": "inherit"
                        },
                        "layout": {
                            "field": {
                                "valign": "inherit",
                                "align": "inherit"
                            }
                        },
                        "datasource": {
                            "loadRemote": false,
                            "loadRemoteUrl": "",
                            "terminology": ""
                        }
                    }
                },
                {
                    "name": "Symptoms",
                    "localizedName": "Symptoms",
                    "rmType": "DV_CODED_TEXT",
                    "nodeId": "at0001",
                    "min": "1",
                    "max": "1",
                    "localizedNames": {
                        "en": "Symptom name"
                    },
                    "localizedDescriptions": {
                        "en": "The symptom experienced by the subject of care."
                    },
                    "annotations": {
                        "comment": "Symptom name should be coded with a terminology, where possible."
                    },
                    "aqlPath": "/content[openEHR-EHR-OBSERVATION.story.v1,'Symptoms']/data[at0001]/events[at0002]/data[at0003]/items[openEHR-EHR-CLUSTER.symptom.v0]/items[at0001]/value",
                    "inputs": [
                        {
                            "suffix": "code",
                            "type": "CODED_TEXT",
                            "list": [
                                {
                                    "value": "386661006",
                                    "label": "Fever",
                                    "localizedLabels": {
                                        "en": "Fever"
                                    }
                                },
                                {
                                    "value": "267036007",
                                    "label": "Breathless",
                                    "localizedLabels": {
                                        "en": "Breathless"
                                    }
                                },
                                {
                                    "value": "422587007",
                                    "label": "Nausea",
                                    "localizedLabels": {
                                        "en": "Nausea"
                                    }
                                },
                                {
                                    "value": "422400008",
                                    "label": "Vomiting",
                                    "localizedLabels": {
                                        "en": "Vomiting"
                                    }
                                },
                                {
                                    "value": "49727002",
                                    "label": "Cough",
                                    "localizedLabels": {
                                        "en": "Cough"
                                    }
                                },
                                {
                                    "value": "22253000",
                                    "label": "Pain",
                                    "localizedLabels": {
                                        "en": "Pain"
                                    }
                                }
                            ],
                            "terminology": "snomed-ct",
                            "defaultValue": "422587007"
                        }
                    ],
                    "formId": "patient_remote_chemo_monitoring/symptoms/symptom/symptom_name",
                    "viewConfig": {
                        "size": {
                            "field": "inherit",
                            "label": "inherit",
                            "fill": "inherit"
                        },
                        "layout": {
                            "label": {
                                "valign": "inherit",
                                "align": "inherit"
                            },
                            "field": {
                                "valign": "inherit",
                                "align": "inherit"
                            }
                        },
                        "datasource": {
                            "loadRemote": false,
                            "loadRemoteUrl": "",
                            "terminology": ""
                        },
                        "label": {
                            "custom": true
                        },
                        "advanced": {
                            "hidden": false,
                            "readonly": false
                        },
                        "tags": [
                            "multi"
                        ],
                        "field": {
                            "code": {
                                "presentation": "radios",
                                "columns": "3"
                            }
                        }
                    }
                },
                {
                    "name": "Comments",
                    "localizedName": "Comments",
                    "rmType": "DV_TEXT",
                    "nodeId": "at0004",
                    "min": 0,
                    "max": 1,
                    "localizedNames": {
                        "en": "Comments"
                    },
                    "localizedDescriptions": {
                        "en": "Narrative description of the story or clinical history for the subject of care."
                    },
                    "aqlPath": "/content[openEHR-EHR-OBSERVATION.story.v1,'Symptoms']/data[at0001]/events[at0002]/data[at0003]/items[at0004,'Comments']/value",
                    "inputs": [
                        {
                            "type": "TEXT"
                        }
                    ],
                    "formId": "patient_remote_chemo_monitoring/symptoms/comments",
                    "viewConfig": {
                        "size": {
                            "field": "inherit",
                            "label": "inherit",
                            "fill": "inherit"
                        },
                        "layout": {
                            "field": {
                                "valign": "inherit",
                                "align": "inherit"
                            }
                        },
                        "datasource": {
                            "loadRemote": false,
                            "loadRemoteUrl": "",
                            "terminology": ""
                        },
                        "field": {
                            "input": {
                                "presentation": "textfield"
                            }
                        }
                    }
                }
            ],
            "formId": "patient_remote_chemo_monitoring",
            "viewConfig": {
                "size": {
                    "field": "inherit",
                    "label": "inherit",
                    "fill": "inherit"
                },
                "layout": {
                    "field": {
                        "valign": "inherit",
                        "align": "inherit"
                    }
                }
            }
        }
    ]
}