{"formId":"form_root","name":"Form root","rmType":"FORM_DEFINITION","viewConfig":{"label":{"custom":false,"value":"","useLocalizations":false,"localizationsList":{}},"size":{"field":"inherit","label":"inherit","fill":"inherit"},"layout":{"valign":"inherit","align":"inherit"},"tags":[]},"language":"","templateLanguages":["en"],"children":[{"name":"Request for advice","localizedName":"Request for advice","rmType":"COMPOSITION","nodeId":"openEHR-EHR-COMPOSITION.report.v1","min":1,"max":1,"localizedNames":{"en":"Request for advice"},"localizedDescriptions":{"en":"Document to communicate information to others, commonly in response to a request from another party."},"aqlPath":"","children":[{"name":"Referral request","localizedName":"Referral request","rmType":"INSTRUCTION","nodeId":"openEHR-EHR-INSTRUCTION.request-referral.v1","min":0,"max":-1,"localizedNames":{"en":"Referral request"},"localizedDescriptions":{"en":"Request for provision of a specified service by another healthcare provider or organisation."},"aqlPath":"/content[openEHR-EHR-INSTRUCTION.request-referral.v1]","children":[{"name":"Request","localizedName":"Request","rmType":"ACTIVITY","nodeId":"at0001","min":1,"max":1,"localizedNames":{"en":"Request"},"localizedDescriptions":{"en":"Current Activity."},"aqlPath":"/content[openEHR-EHR-INSTRUCTION.request-referral.v1]/activities[at0001]","children":[{"name":"Reason for request","localizedName":"Reason for request","rmType":"DV_TEXT","nodeId":"at0062","min":0,"max":1,"localizedNames":{"en":"Reason for request"},"localizedDescriptions":{"en":"A short description of the reason for the request.  This is often coded with an external terminology."},"aqlPath":"/content[openEHR-EHR-INSTRUCTION.request-referral.v1]/activities[at0001]/description[at0009]/items[at0062]/value","inputs":[{"type":"TEXT"}],"formId":"request_for_advice/referral_request/request/reason_for_request","viewConfig":{"size":{"field":"inherit","label":"inherit","fill":"inherit"},"layout":{"field":{"valign":"inherit","align":"inherit"}},"datasource":{"loadRemote":false,"loadRemoteUrl":"","terminology":""},"field":{"input":{"presentation":"textfield"}}}}],"formId":"request_for_advice/referral_request/request","viewConfig":{"size":{"field":"inherit","label":"inherit","fill":"inherit"},"layout":{"field":{"valign":"inherit","align":"inherit"}}}}],"formId":"request_for_advice/referral_request","viewConfig":{"size":{"field":"inherit","label":"inherit","fill":"inherit"},"layout":{"field":{"valign":"inherit","align":"inherit"}}}},{"name":"Referral tracking","localizedName":"Referral tracking","rmType":"ACTION","nodeId":"openEHR-EHR-ACTION.referral.v1","min":0,"max":1,"localizedNames":{"en":"Referral tracking"},"localizedDescriptions":{"en":"Activity regarding a referral from a clinician, or self-referral by a patient, for the patient to receive a specific service, advice or care from an expert healthcare provider."},"aqlPath":"/content[openEHR-EHR-ACTION.referral.v1,'Referral tracking']","children":[{"name":"Current status","rmType":"DV_CODED_TEXT","min":0,"max":1,"aqlPath":"/content[openEHR-EHR-ACTION.referral.v1,'Referral tracking']/ism_transition/careflow_step","inputs":[{"suffix":"code","type":"CODED_TEXT"}],"inContext":true,"formId":"request_for_advice/referral_tracking/ism_transition/careflow_step","viewConfig":{"size":{"field":"inherit","label":"inherit","fill":"inherit"},"layout":{"field":{"valign":"inherit","align":"inherit"}},"datasource":{"loadRemote":false,"loadRemoteUrl":"","terminology":""},"label":{"custom":true}},"localizedName":"Current status"}],"formId":"request_for_advice/referral_tracking","viewConfig":{"size":{"field":"inherit","label":"inherit","fill":"inherit"},"layout":{"field":{"valign":"inherit","align":"inherit"}}}},{"name":"Recommendation","localizedName":"Recommendation","rmType":"EVALUATION","nodeId":"openEHR-EHR-EVALUATION.recommendation.v1","min":0,"max":-1,"localizedNames":{"en":"Recommendation"},"localizedDescriptions":{"en":"A suggestion, advice or proposal for clinical management."},"aqlPath":"/content[openEHR-EHR-EVALUATION.recommendation.v1]","children":[{"name":"Recommendation","localizedName":"Recommendation","rmType":"DV_TEXT","nodeId":"at0002","min":0,"max":-1,"localizedNames":{"en":"Recommendation"},"localizedDescriptions":{"en":"Narrative description of the recommendation."},"annotations":{"comment":"May be coded, using a terminology, if required."},"aqlPath":"/content[openEHR-EHR-EVALUATION.recommendation.v1]/data[at0001]/items[at0002]/value","inputs":[{"type":"TEXT"}],"formId":"request_for_advice/recommendation/recommendation","viewConfig":{"size":{"field":"inherit","label":"inherit","fill":"inherit"},"layout":{"field":{"valign":"inherit","align":"inherit"}},"datasource":{"loadRemote":false,"loadRemoteUrl":"","terminology":""},"field":{"input":{"presentation":"textfield"}}}}],"formId":"request_for_advice/recommendation","viewConfig":{"size":{"field":"inherit","label":"inherit","fill":"inherit"},"layout":{"field":{"valign":"inherit","align":"inherit"}}}}],"formId":"request_for_advice","viewConfig":{"size":{"field":"inherit","label":"inherit","fill":"inherit"},"layout":{"field":{"valign":"inherit","align":"inherit"}}}}]}