[{"col":1,"row":1,"width":9,"height":22,"children":[{"id":"request_for_advice","rows":[{"cols":[{"width":"100%","children":[{"id":"request_for_advice/referral_request","rows":[{"cols":[{"width":"100%","children":[{"id":"request_for_advice/referral_request/request","rows":[{"cols":[{"width":"100%","children":[{"id":"request_for_advice/referral_request/request/reason_for_request"}]}]}]}]}]}]},{"id":"request_for_advice/referral_tracking","rows":[{"cols":[{"width":"100%","children":[{"id":"request_for_advice/referral_tracking/ism_transition/careflow_step"}]}]}]},{"id":"request_for_advice/recommendation","rows":[{"cols":[{"width":"100%","children":[{"id":"request_for_advice/recommendation/recommendation"}]}]}]}]}]}]}]}]